"username","n"
"@Mubasherkh69",49
"@WIONews",38
"@tvbsworldtaiwan",28
"@Dr_Raja_Babu",24
"@Supervideoz1z",23
"@anassaadallah",22
"@NikkeiAsia",20
"@CdnElectWatch",14
"@Aayat51",13
"@eye_peoples",13
"@CNNnews18",12
"@Jai_rathore26",12
"@yehaoqin",12
"@IndoPac_Info",11
"@MOFA_Taiwan",11
"@JamesKamau81919",8
"@Shozabsyed3",8
"@miriamsteimer",8
"@ryan_chua",8
"@Focus_Taiwan",7
"@JazbaTweets15",7
"@KhumaloLer",7
"@TheKingdom22",7
"@Xiani_PCh",7
"@ani_digital",7
"@denechen",7
"@eliudkibii",7
"@khurmiismail",7
"@ltntw",7
"@nico_nico_news",7
"@wuxi18486212",7
"@AsianPolitico",6
"@FayseeAlam",6
"@JanSher719",6
"@MeritNews24",6
"@MinhDr18",6
"@PIRGuru",6
"@TecoBoston",6
"@_EuropeanValues",6
"@asabeshehu",6
"@casfalun23",6
"@jannikkel6",6
"@jonasPplesner",6
"@pink93sypink",6
"@smithemma14e",6
"@DailyDispatchIn",5
"@GMbeki31765",5
"@KarenWenLin",5
"@PashaHamdoon",5
"@PriorConsults",5
"@TW_HolySee",5
"@ThinkChinaSG",5
"@YearnToLearn_",5
"@Zaka_B98",5
"@abidullahmsd03",5
"@article19org",5
"@ballot_talk",5
"@guntiiiii",5
"@heresnews",5
"@imAdityaRathore",5
"@logiclub_in",5
"@mnews_tw",5
"@nitsonnet",5
"@toonsbystellina",5
"@AmySpy1",4
"@AntonRayne",4
"@DWalpiri",4
"@DailyD1ss1dent",4
"@EgmontInstitute",4
"@FEscrutinio",4
"@HTMLKEMe",4
"@HafsahD19",4
"@HappinessPatrol",4
"@JosephWongUT",4
"@LamiradaOriente",4
"@Mark_Tushingham",4
"@MichaelRazzari",4
"@NTayachewe12",4
"@Naman_122",4
"@News2406",4
"@RedStarStrat",4
"@Rob_Simpson94",4
"@RockVica",4
"@SarahAdams35763",4
"@TECO_Toronto",4
"@TV2000it",4
"@TheNeutralIndi3",4
"@UA_22_Ukraine",4
"@Witchlawrence",4
"@YvonneManTV",4
"@amna_news",4
"@ejaznews1",4
"@hwang61",4
"@joyuwang",4
"@mr_sethii",4
"@pressunbiased",4
"@priyatranslator",4
"@ragnarhannes",4
"@rbourdi",4
"@shanghaidaily",4
"@sipi1985",4
"@socialist0216",4
"@taiwan_ita",4
"@tommywalkerco",4
"@wjhurst",4
"@AlainFrNews",3
"@AlyssaChan32799",3
"@AsiaJourno",3
"@BibiAasma",3
"@BigBreakingWire",3
"@Billa42_",3
"@C4NEAS",3
"@Eleetv1",3
"@ElizabethLarus",3
"@EpochTimesCZ",3
"@EthanHughe10260",3
"@F24Debate",3
"@Geeta_Mohan",3
"@GermanFinGuy",3
"@HelvetinPastori",3
"@Kashgarlii",3
"@Khalil_Saraiki",3
"@Kosmodromio_gr",3
"@Mohamma05642858",3
"@MrLachris",3
"@Nahem_360",3
"@NewsX",3
"@NguyenHo1096438",3
"@NupesNews",3
"@ORFAmerica",3
"@OliviaSiongCNA",3
"@PadmajaVraman",3
"@ParstodayJ",3
"@PatrikaNews",3
"@PaulHuangReport",3
"@Resham_sng",3
"@Sitting_Analyst",3
"@TRUONG__oscar",3
"@TaiwanInNewYork",3
"@TaiwanSpecial",3
"@TheAPJournalist",3
"@Uptoguru786",3
"@WENewsEnglish",3
"@WinKaung40",3
"@World202496596",3
"@WorldViewMind",3
"@ajphelo",3
"@bruitopia",3
"@btc_smt",3
"@chinastockmonki",3
"@dailyintake2023",3
"@dw_hotspotasia",3
"@el_carabobeno",3
"@firstpost",3
"@fr_schaeffer",3
"@gmfus",3
"@j_fleuri",3
"@jannomaala",3
"@japjarapjapjap",3
"@jenpasit",3
"@justice_free1",3
"@moui",3
"@mu8iwenf",3
"@protect_taiwan",3
"@tatjana_romig",3
"@tg2000it",3
"@theerougarou",3
"@torsten_opinion",3
"@victor5874u",3
"@zahidhu90146627",3
"@zubybaig",3
"@7x7r4p0l473",2
"@AIBSNews24",2
"@AbaiTadess",2
"@AbdulQayyumMa12",2
"@AdeelHussa34433",2
"@Ahmedha49686670",2
"@Alexleanson",2
"@Ali_Arain_224",2
"@Aloha3Erika",2
"@Andy_n_di",2
"@Anna_Rudakowska",2
"@AnshiItx",2
"@AwasthiAbhi0011",2
"@BABAR_56_KING",2
"@BigSlothOne",2
"@Blog1600Penn",2
"@BnzEnglish",2
"@BowerGroupAsia",2
"@Brntzr",2
"@Cartoon4sale",2
"@CheekyThePanda",2
"@ClaudioPagliara",2
"@CurtisSChin",2
"@DDIndialive",2
"@DatosAme24",2
"@Dawan_tv",2
"@DebasishGharai",2
"@DelPaulEspinosa",2
"@Djib24",2
"@ETNewsIndonesia",2
"@EchiquierSocial",2
"@EnjoyerPang",2
"@EstrategoRD",2
"@EyeontheDragon",2
"@FahadKh191",2
"@Fmassat09",2
"@FrancoisF24",2
"@GaryDRawnsley",2
"@GustavoACard1",2
"@HRaleighspeaks",2
"@HilariaSturn348",2
"@ISAPUclan",2
"@IndiaToday",2
"@IndiansTaiwan",2
"@JanKramerius",2
"@JianLia69929392",2
"@JohnLiuNN",2
"@KI_Insight",2
"@KleimanIntCon",2
"@MargariteClarey",2
"@Minacappussi",2
"@MuhammadMengal_",2
"@NavCricket18",2
"@Necati_Demircan",2
"@News360press",2
"@NewsIndepe",2
"@NguyenThih36",2
"@Observer20211",2
"@One_t_Lee",2
"@PavelFischer",2
"@Pol_Cap",2
"@ProxyWorld2",2
"@RED_L1n3",2
"@RadioTaiwan_Eng",2
"@RahulkumarDeka",2
"@Red_Hanrahan",2
"@SabinaTreffler",2
"@Sageofpastways",2
"@SakinaBatt",2
"@SamraSaghir",2
"@SartajTaj5",2
"@ScandAsia",2
"@Scoopic",2
"@Shadows_wing",2
"@StephenSha22267",2
"@SusanDebraBlum",2
"@SusanInDelaware",2
"@Suyash_Desai",2
"@SwaziDailyNews",2
"@TaiwanAustralia",2
"@Taiwan_NZ",2
"@TaiwaninPoland",2
"@TenzinJigdal",2
"@TheAsianAffairs",2
"@TheRealPinguini",2
"@The_Har0on",2
"@TimHarcourt",2
"@TrillionsNews",2
"@Vavid1",2
"@Wang12Xing",2
"@Workplazaindia",2
"@Y_Wenli",2
"@Yui_Tseu",2
"@_rainbowfighter",2
"@adi_vijaya",2
"@andyleeck",2
"@bioticfoundry",2
"@caprifdn",2
"@carlodaverona",2
"@castorboludo",2
"@cougpc9018",2
"@cronica_6",2
"@davis_kate54146",2
"@de__boye",2
"@decrypt_reflex",2
"@digidiploTaiwan",2
"@dspencer47",2
"@eastern_star_9",2
"@ecJulie",2
"@englishpardafas",2
"@eyesnews2019",2
"@favstats",2
"@feuertinte",2
"@gilbertkibiwot4",2
"@globalnewsnexus",2
"@gwusigurcenter",2
"@happeningchina",2
"@hoganindc2015",2
"@janet_steele",2
"@konstantovuna",2
"@latest_insightz",2
"@littaisianggi11",2
"@lovebob",2
"@maristelademelo",2
"@mcelderrytruth",2
"@mdsagoralitw",2
"@meng_yao1",2
"@mgiulianico",2
"@mohammed_b40",2
"@mukuljrsharma",2
"@niccijsmith",2
"@nimblevettw",2
"@otiniferdy",2
"@paidgaming245",2
"@palepurshankar",2
"@pasracic",2
"@pointactualites",2
"@prachachat",2
"@productiveplac1",2
"@pueaaunam",2
"@rbsw",2
"@realjosiah2008",2
"@rehmanplayer1",2
"@rock_mansoori",2
"@rs_sputnik",2
"@sanhochung",2
"@scheeinfo",2
"@showbiznews142",2
"@smilehumanbeing",2
"@suvvz",2
"@teco_brunei",2
"@tecochicago",2
"@the_plu",2
"@thenewsdrum",2
"@theraisinahills",2
"@tizooahnerf",2
"@ustaiwan",2
"@v_abigael",2
"@xiao1_bao",2
"@yarloong",2
"@yueparkinson",2
"@111kiranwrites",1
"@1jagjeetsingh",1
"@1stIndiaNews",1
"@20NeverGiveUp02",1
"@64glider89",1
"@9Oo0o0Oo0",1
"@A20240407",1
"@AClaiborne_Noah",1
"@AIGuy10085",1
"@AJanjua1401",1
"@AKoslerova",1
"@AST_HQ",1
"@Aaljga",1
"@Abdu_Uyghurs",1
"@Abhikumar102",1
"@Adam0902731",1
"@Adriano97865061",1
"@AdvAlokkpandey",1
"@AdvShivThakur",1
"@Agenzia_Italia",1
"@AhadHun25",1
"@Ahmad_Bilal",1
"@Ajaxjacksss",1
"@Ajeet1994",1
"@AkikoFukumoto0",1
"@Al_Goodwyn",1
"@Aladdin_X1",1
"@AlbertoFNeumann",1
"@All_Light_Long",1
"@Alm_dude",1
"@AlxAstro",1
"@AmburgeySharyn",1
"@AmericaReforme1",1
"@Anam_Fatyma",1
"@Ananth_IRAS",1
"@AndreDupon25",1
"@AndrewSErickson",1
"@Ang31ooo",1
"@AnmNews",1
"@AnthoSaintLeger",1
"@AnthonyShaw91",1
"@Antiwarcom",1
"@AqsaYounasRana",1
"@AraLegend_",1
"@ArequipaTimes",1
"@AsadRao1u",1
"@AshleighWi40005",1
"@AsianHeraldNews",1
"@AsianetNewsTM",1
"@AstroNitroNews",1
"@AuEpochTimes",1
"@AucklandTeco",1
"@AungDe",1
"@AurelieBonal",1
"@AwnNaqvi4",1
"@AytunaMemet",1
"@Azeem2048",1
"@AzizullahK87087",1
"@BBCPankajP",1
"@BBCsarika",1
"@BFallevoz",1
"@BGTimesIndia",1
"@BWeberD",1
"@BasildonParty",1
"@BasuAshis",1
"@Becky80963649",1
"@Benwhi",1
"@Bermuda_Intl",1
"@BernardDjuna",1
"@Bharat24Liv",1
"@Big_Noodle",1
"@BijayLaxmiC",1
"@BilalSH38718802",1
"@BinXuAtlanta",1
"@BismaNazir98",1
"@BlueSoftware893",1
"@Bodhi_D_dharma",1
"@Bodor1302",1
"@BogachanOz12426",1
"@BrindusaB1",1
"@Bryaniu",1
"@BtpCarlos",1
"@BurgerEmmanuel",1
"@Bursalhd2",1
"@CAGlobalAffairs",1
"@CBSLizpalmer",1
"@CCPTrolling",1
"@CIPolicy",1
"@CJW_0118",1
"@CLAPOTMireille",1
"@CNBCi",1
"@CSRI_UK",1
"@CamGeopolitics",1
"@CanadianmediaA",1
"@Canberra_Cat",1
"@Candy8030",1
"@CaptainWoke63",1
"@CarlaHSands",1
"@Carmelides",1
"@CatAged",1
"@CavaggioniMario",1
"@CeccoFab",1
"@CelebrateAwe",1
"@CertifiedMia_2",1
"@Chicagoan1959",1
"@Chienhuang__",1
"@ChileMarxista",1
"@ChinaNet1234",1
"@China_Glimpse",1
"@ChloecLoNews",1
"@Chris59830617",1
"@ChrisLanzberg",1
"@ChristiDurando",1
"@CitizenOfGlobe1",1
"@Clearsighting2",1
"@ColinZHall",1
"@ConservNewsView",1
"@ConstanceLeGrip",1
"@ContarteAlgo_",1
"@CoveyAmerica",1
"@Crafter4ever13",1
"@CrespiEnrico",1
"@CryptoGodfatha",1
"@DCTwining",1
"@DNyeko",1
"@DSadaf2464",1
"@DSakaliene",1
"@DaTaChArTGuY",1
"@DailySoak",1
"@DamonMacWilson",1
"@DanijelSheran17",1
"@DanitaYadav",1
"@Dardl4",1
"@DarioSabaghi",1
"@Darvaishhhhhh",1
"@DavidClinchNews",1
"@DavidMawan21",1
"@DavidSw41256191",1
"@DavidWa01448973",1
"@DavideGraffieti",1
"@DeepakKharel037",1
"@DefensePitz",1
"@Derekintherain",1
"@DhakaTribune",1
"@Dieuson1",1
"@DistinctPost",1
"@DivSeshG",1
"@DolkerYangchen_",1
"@DominoTheoryMag",1
"@DrAsifShahid",1
"@DreyerChina",1
"@Drkofibenjamin",1
"@DuddakuntaBJP",1
"@Durandal2010",1
"@Duskrosun",1
"@EPARDAFAS",1
"@EP_Lawrence",1
"@ETVBharatEng",1
"@EagleBearEcon",1
"@EdSafetyUK",1
"@ElCuerv53969182",1
"@ElLizitski",1
"@Eliasverdadeiro",1
"@Elite_Theory",1
"@Elleonfx",1
"@EmekaGift100",1
"@EmergingMrktSkp",1
"@EmperorBlargus",1
"@EncuestasInter4",1
"@EngleTV",1
"@Enlighthening_",1
"@EnodoEconomics",1
"@EpochTimesChina",1
"@EpochTimesDE",1
"@EricsonMartin6",1
"@EricssenWen",1
"@ErinJoyce",1
"@ErinMcGreehan",1
"@EroComfort",1
"@Esalcide",1
"@EstebanValverde",1
"@EuniceR2804",1
"@Eurodude23",1
"@EvaVijay",1
"@EvilCat699",1
"@FLCembROC",1
"@FPRI",1
"@FZDXijp",1
"@FabiFleige",1
"@FabiansHammer",1
"@Fabs17180",1
"@Faheem__Rabbani",1
"@FarraSitar99237",1
"@FedericaUrzo",1
"@FeiHsien_Wang",1
"@FieldScenery",1
"@FijiTaiwan",1
"@FinancialXpress",1
"@FiorenzoNord",1
"@Francesc_Forex",1
"@FranciscoJ_Haro",1
"@FrankBarish",1
"@FreeGatteo",1
"@FreedomTodayNet",1
"@FriasAlejandro_",1
"@G7Hiroshima",1
"@GED_Tweet",1
"@Gabriele_fisico",1
"@GaiaSono",1
"@GalgaleSwanand",1
"@GeeWhizz2023",1
"@GeoPolUpdates",1
"@GeopoliticsGIR",1
"@Geopolitics__",1
"@GiannoniSA",1
"@GipsyChic1",1
"@GiuseppePrada1",1
"@GlobalMktObserv",1
"@Globaltalks12",1
"@GoFundTaiwan",1
"@GolisPost82994",1
"@Golover_Tu",1
"@GordonInstitute",1
"@Grafeeti",1
"@GrassInCanada",1
"@Grate_Deals",1
"@GyanBySS22",1
"@HApprendre",1
"@HBandaare",1
"@HFXChina",1
"@HM80421",1
"@HabtoorResearch",1
"@HafizHammadHas1",1
"@HamaadA89162319",1
"@Hamzariaz08",1
"@Hashir5616",1
"@HemispheresEdit",1
"@HenkeH22",1
"@Hiho_Lin",1
"@Hit_hindishorts",1
"@Hoang77K",1
"@Hopethefirst1",1
"@IKkhan512",1
"@ILAubert",1
"@IPEClub",1
"@IR_Team2023",1
"@ISUResearch",1
"@IT6xKezeMn66914",1
"@IainBrewSydney",1
"@IasSambhav4u",1
"@Iceman__2021",1
"@IlConteIT",1
"@InCronaca",1
"@IndiaAaryaa",1
"@Indiafoodtaipei",1
"@Indian781480931",1
"@Infostic_",1
"@IngWeilai",1
"@IngeVienna",1
"@Irgengioro2",1
"@ItsSteveMiller",1
"@JAX_357",1
"@JETinBrussels",1
"@JLBourlanges",1
"@JP1958S",1
"@JWanguha",1
"@JahangirHa76154",1
"@JaipurDialogues",1
"@Jam_jamal786",1
"@JanJekielek",1
"@JanbhawnaTimes",1
"@JaneGerson",1
"@Janhvi_Beauty",1
"@JasonEmert",1
"@JeremyChentv",1
"@JessicaTho43",1
"@JingJieChen1",1
"@JioNews",1
"@JoDemocracy",1
"@Jo_Bastre_",1
"@JochenStahnke",1
"@JoeRhio",1
"@Joeontheloose",1
"@JohnBarb9725",1
"@JohnHolt6",1
"@JohnLukeGodard",1
"@Johnkoury",1
"@JohnnieOil",1
"@Jorge02064200",1
"@JoshyCastillo",1
"@JosselinChesnel",1
"@JuanMazaPSUV",1
"@JubenalQ",1
"@JusoneW",1
"@KI_WEF2030",1
"@Kaigai_Sumi",1
"@KarolTeklenburg",1
"@KatrionaSober",1
"@KaysTweetings",1
"@KellyCraftKY",1
"@Kelsey_Ridge",1
"@Kenzo07999025",1
"@KeralasHub",1
"@Khabarfast",1
"@Khabarhub_Eng",1
"@KittyCh30805903",1
"@KnowWorldN7676",1
"@KojiKawagu18292",1
"@KristineRicherd",1
"@Kukulkan_iYer",1
"@KyNguyenMoi777",1
"@L2Molly",1
"@Lambdactu",1
"@LauraHarth",1
"@Lawrious",1
"@Le_Millenaire",1
"@LiberHistoriea",1
"@Libera_Info20",1
"@LiberalLane",1
"@LiteXimOfficial",1
"@Liwen00870312",1
"@LogicPsycho1",1
"@LokmatNewsHindi",1
"@LondonGlossyMag",1
"@LoufishFly",1
"@LucknowUSA",1
"@MAitaadi",1
"@MFAFanleca",1
"@MICHAELWAR50195",1
"@MZinkanell",1
"@Maaaaaaayd",1
"@Magic_Ball_93",1
"@Mahmood88239370",1
"@Maiannah",1
"@MajorNDhasmana",1
"@Malik_ki_hun_",1
"@Mallamcm2",1
"@ManishAnand_25",1
"@Marchess86",1
"@MarcusCJung",1
"@MarcusMarverick",1
"@MargareteRosali",1
"@MaritimeFt",1
"@MariuLombo",1
"@MaryGao",1
"@MasoonCh",1
"@MattInformed",1
"@Matteo_Angioli",1
"@MaxKannen",1
"@MayBritt_NFG",1
"@MeanwhileinCN",1
"@Media_Myths",1
"@MeiWangv",1
"@MendozaPost",1
"@MiaechlGates",1
"@MicaylahG",1
"@Mido_7623",1
"@MikeSmithAFR",1
"@Milenio",1
"@MilvaGauto",1
"@MissHamilton80",1
"@MisterPimUSA",1
"@Mistermadrid999",1
"@Mksufyan360",1
"@MnTaiwan",1
"@MomentumCoinAI",1
"@MoonExpress___",1
"@MordecaiAsamoah",1
"@Mr_Tooter",1
"@Mrpolitique88",1
"@Msamachar4u",1
"@MuhammadAd97752",1
"@Mulayam1234",1
"@MultiExpress64",1
"@MushtaqPTI123",1
"@Mustafa_chefs",1
"@MwangiMaina_",1
"@NDTVProfitIndia",1
"@NEWS7Odia",1
"@NFSC_HAGnews",1
"@NOUGATDOKALI",1
"@NaNatogo103",1
"@NachoSv314880",1
"@Najeeb5472",1
"@NaomiJang2020",1
"@NareshS82042464",1
"@NavtejTv",1
"@NeoMrLHu",1
"@NeonTreXI",1
"@NetworkItv",1
"@NewEraColdWar",1
"@NewTaipeiGov",1
"@News247Global",1
"@News2Stream",1
"@News9Tweets",1
"@NewsPlanetAI",1
"@NewsSatori",1
"@News_Print_Info",1
"@NickieMcNicols",1
"@Night_Market",1
"@Nikhilrajput21",1
"@NinasLiebe",1
"@NirojKhatri6",1
"@Nooluyo35sosyal",1
"@NotiTrama",1
"@Nshaileshyadav",1
"@OFOTELA208",1
"@OMalleyFife",1
"@OSW_eng",1
"@OTOppressor",1
"@OpIndia_in",1
"@Opinablehh69",1
"@OrbitalHMI",1
"@OrientalExpres8",1
"@OsintWWIII",1
"@OussamaTrabel15",1
"@OvertheHedgeEM",1
"@PKurzin",1
"@PZoll",1
"@PacificForum",1
"@Padmesho_o",1
"@PatrickFGleason",1
"@Paul4USCongress",1
"@PaulSfeir",1
"@PeterHarrisCSU",1
"@Pgrills24",1
"@PhLeCorre",1
"@PhoolchandIndia",1
"@PierrePaulHus",1
"@PikeWala",1
"@Planet_EarthX",1
"@PochoSalcedo",1
"@PollsTracker",1
"@Poplove95699612",1
"@Pradeep16877730",1
"@PrasannaAmba",1
"@PressTVFrench",1
"@PrinceH11731832",1
"@Prof_Kennedy",1
"@ProthomaloEN",1
"@QadeerSajid4",1
"@Qayyum654475038",1
"@Quasselkasper1",1
"@RDandurand",1
"@RICHARDHOVIS6",1
"@RJMrim",1
"@RKieresinski",1
"@RLAnalytica",1
"@RMNNewsOfficial",1
"@RX_Sub_523",1
"@Radiation_Ages",1
"@RadioFreeAsia",1
"@RadioinfoArica",1
"@RafieFaruq",1
"@Raian_Tokita",1
"@Rami65233963",1
"@RamitPMasti",1
"@Raptor2u",1
"@Rattyghana",1
"@RazaviBardia",1
"@ReaI_caixia",1
"@RealKevinNoel",1
"@Rebate04",1
"@ReddySalina",1
"@ReeceAyersTW",1
"@ReflexRealitaet",1
"@ReportSpectre",1
"@ReportVariant",1
"@RepublicalibreR",1
"@ResistDefender",1
"@ReyLily12",1
"@RichMountbasket",1
"@Ricky89841208",1
"@Riigikogu",1
"@RinchenKunchok",1
"@RinzinNamgyal11",1
"@RishadanPort",1
"@Rojhelat09",1
"@RubemMauro",1
"@RubensveBr",1
"@SEP_Australia",1
"@SLeoChiang",1
"@SSiddiqui855",1
"@SadiqAminiAFG",1
"@Safeerkhawaja34",1
"@SagarMal1322757",1
"@Saim9091",1
"@SalamansJ",1
"@SalvadorCaro",1
"@SammiUllahh",1
"@Sana__Rajpoot",1
"@SanatanPrabhat",1
"@Sandhya__09",1
"@Santinotar",1
"@SarvjeetSi47913",1
"@Saud_Fareeh",1
"@Schmidtdtdt",1
"@SenatorHousakos",1
"@SeniorsAction",1
"@Shabirgujjar127",1
"@ShahvezGaur2",1
"@ShamsKamalSayed",1
"@ShashankSPatel_",1
"@ShaukatPiracha1",1
"@Shayedaway72",1
"@ShigesaburoO",1
"@ShihChungLiu",1
"@Shiravan100",1
"@Shirzan_22",1
"@SleepyPenguin1",1
"@SocialElects",1
"@SongPo12",1
"@SpoxCHNinUS",1
"@SreeIyer1",1
"@Steph36877",1
"@StephaneLagarde",1
"@SteveAn71083739",1
"@SteveEisenberg5",1
"@SujeetKOfficial",1
"@SunjayJK",1
"@Super_News_Chan",1
"@SuzJessep",1
"@SwagGuru69",1
"@SwarajyaMag",1
"@Swimdancerboy",1
"@THE_ERA_OF_ASIA",1
"@TOMAS3N",1
"@TPiESpeaker",1
"@TS_Lombard",1
"@TSniedziewski",1
"@TSonggen",1
"@TVUJapan",1
"@TVUKorea",1
"@TWGlobalWatcher",1
"@Tahkeek90",1
"@TaiwanBN",1
"@TaiwanDPP_DC",1
"@TaiwanEU",1
"@Taiwan_SLD",1
"@Taiwan_in_GR",1
"@Taiwan_in_UK",1
"@TaiwanenPeru",1
"@Talk2chukaben",1
"@TamilTheHindu",1
"@Tandemkpu7",1
"@Tempi_it",1
"@TemppuTerava",1
"@TheDailyCPEC",1
"@TheDailyID",1
"@TheGeostrata",1
"@TheHindeez",1
"@ThePeetJournal",1
"@TheTelegramCA",1
"@TheVikasLohchab",1
"@TheWeekLive",1
"@The_NewDispatch",1
"@ThomasRohden",1
"@ThredMag",1
"@TibetCollective",1
"@TimNew",1
"@TodayNews123796",1
"@TomTugendhat",1
"@Tonysta75034950",1
"@TostevinM",1
"@TravelGuyAsia",1
"@Trending_posts1",1
"@TunstallAsc",1
"@UCANews",1
"@UdalDas18",1
"@UltimateQuobby",1
"@UniversalTimes_",1
"@VGailhaguet",1
"@Vaidehi2203",1
"@Video_Forensics",1
"@Video_Grabz",1
"@VijayaS04",1
"@VikasVkssyk029",1
"@VillainsbrewC",1
"@Vioryvideo",1
"@Viror12",1
"@VitalTooth_",1
"@VivicusVipare",1
"@WENewsPk",1
"@WajihaEman79373",1
"@WaleedR48493662",1
"@Wangui_dm",1
"@Watchdog_ww",1
"@WeinbergerMike1",1
"@William70726111",1
"@William74430917",1
"@WilliamYang120",1
"@WorkmanNeal_13",1
"@WorldFactsOrder",1
"@WorldNewsExprex",1
"@WorldNewsHubWNH",1
"@WorldTimesWT",1
"@XynikIT",1
"@YMantzikos",1
"@YarmFaoJor",1
"@YenTing39",1
"@YenWu9",1
"@YoudonAukatsang",1
"@YoungdoungT",1
"@YuuKuni",1
"@ZakeriyeAxmed",1
"@ZeeNews",1
"@ZephyrFpv",1
"@Zeta_Luiss",1
"@ZhengXi1234",1
"@ZurcLegumi",1
"@ZuzaZhenzhi",1
"@Zziisun",1
"@_16rl",1
"@_Brammers_",1
"@_NotSatire",1
"@_SoLoMoNa_",1
"@_kyle_cruz_",1
"@_zabiiii",1
"@aadilbrar",1
"@aajtak",1
"@aapokalypto1",1
"@abdiqani_suldan",1
"@abhishektulsiy1",1
"@ablueview",1
"@abplive",1
"@action_laugh",1
"@adaderana",1
"@adamhedelen",1
"@adnanmalik0",1
"@adnanqamar7477",1
"@adnanrasool",1
"@ahsan_iqbal91",1
"@ahsankamboh110",1
"@aimenlau",1
"@airwei221",1
"@aj90h",1
"@akaAkix",1
"@al_cabro",1
"@alfred_lanning1",1
"@alphadraconis",1
"@amadmavworld",1
"@amaresh_24",1
"@amy_changchien",1
"@ana_petrov1",1
"@andwluv",1
"@antonluca_cuoco",1
"@ap_elle",1
"@arungupta5253",1
"@arzuozturk1907",1
"@asadak011",1
"@asaraivalima",1
"@asia_markets",1
"@asianlitemedia",1
"@atif_allam",1
"@augusto431974",1
"@auhey666",1
"@awgadzala",1
"@ayesha_kh_a_n",1
"@ayguluyghur1",1
"@azaniahtr",1
"@azharaslam",1
"@barrymward",1
"@bbcnepali",1
"@bbcnewsmarathi",1
"@bbz_lucie",1
"@beeashara",1
"@bharatxpresurdu",1
"@bint_i_Naseer",1
"@blackwolfski",1
"@blaisefernandes",1
"@bobetb09",1
"@boppinmule",1
"@brenda11831",1
"@bstvlive",1
"@bti_project",1
"@budududuroiu",1
"@buffalocharging",1
"@bux_khuda13010",1
"@cadnan_ibrahim1",1
"@carlesdijous",1
"@caseylolsen",1
"@cezamne",1
"@chat_political",1
"@chatteejees",1
"@chemoide33",1
"@choyleva",1
"@chunhanlin242",1
"@clairetiunn",1
"@clubz_bg",1
"@coffeeknits",1
"@cricket_fundas",1
"@cristianobosco",1
"@cristonteveros",1
"@crypbangnews24",1
"@csuu12",1
"@cturzer",1
"@cwgspeakers",1
"@dailywarupdates",1
"@danik_sol",1
"@daniyaldeshmuk",1
"@darxshad",1
"@dauntingsh",1
"@dayana_dy",1
"@debiedwarditv",1
"@deloitteshen",1
"@den_ster",1
"@denkvorbote",1
"@devtang666",1
"@dewereldmorgen",1
"@dharmechabhakt",1
"@dianawithcamera",1
"@dipusaha665",1
"@domingoes16",1
"@doublethinklab",1
"@dr_musamasani68",1
"@drimran96",1
"@drqvortrup",1
"@ds_street_guy",1
"@dushy40098",1
"@east_policy",1
"@ebothorel",1
"@economicex",1
"@ecopresso23",1
"@editorjihindi",1
"@edsttm",1
"@ejazkhan640223",1
"@elkf777",1
"@elonmuskcrew",1
"@elvisseveriano1",1
"@erondycho19912",1
"@essaholic_jatin",1
"@esvegateban",1
"@eunewsit",1
"@explorefresh24",1
"@f_onori",1
"@faddi7023",1
"@fahadhu57435322",1
"@fan_hongda",1
"@fandrismanik",1
"@fastnewspkHD",1
"@fearlessjordyn",1
"@fenofex",1
"@finews_asia",1
"@finneko_prgrm",1
"@flapox",1
"@flusio_website",1
"@flying_anu",1
"@focus_lemedia",1
"@fogelman_diane",1
"@frankchongsh",1
"@fredericdionne",1
"@freshgardenlive",1
"@fuckthedip",1
"@fuyookaki",1
"@fxgoldanalysis",1
"@g_akis",1
"@g_ganbat",1
"@gaurashu123",1
"@ghostislandme",1
"@globalsimo",1
"@goodratri",1
"@greenlemonme",1
"@guida_mota",1
"@gulans",1
"@gvaroon",1
"@gykkimi",1
"@hafizameen693",1
"@hard1_facts",1
"@harshadharde",1
"@hcrubin2009",1
"@hechosnews_",1
"@hellenomania",1
"@herondelyonne",1
"@honolulu_in",1
"@hsinhsuansun",1
"@hsmpkTTChcWznbI",1
"@hu_snain1",1
"@huguesrondeau",1
"@huiiiiiyee",1
"@hzw724",1
"@iajayofficial",1
"@iam_ShaharYar",1
"@ians_india",1
"@ianwill",1
"@ihuvikky3",1
"@iiichinemui",1
"@ikennaiteogu",1
"@ilaiyaron",1
"@ilawyer21",1
"@imRavikantYadav",1
"@imadkhanumarzai",1
"@imbucatospecial",1
"@indiaxnews",1
"@indiejmag",1
"@inoxent70",1
"@instonomo",1
"@ionmarandici",1
"@ipcc_official",1
"@its_maryam24",1
"@itzbatool33",1
"@jaanakorppi",1
"@jamiegreeneUK",1
"@japtobias",1
"@jarvisbruder",1
"@jay_krampus",1
"@jeanvi0",1
"@jeffchants9",1
"@jeipapa",1
"@jimwitkins",1
"@joe_biden01",1
"@joergvanbebber",1
"@jonesjoshuad",1
"@joshorlando89",1
"@jurgen_nauditt",1
"@justnlawless",1
"@k3019277",1
"@k_trn",1
"@kaahifjutt10",1
"@kalpitm",1
"@karensshih",1
"@kaufmannbruno",1
"@kayafaruk2123",1
"@kelene_k",1
"@kenan_lmaz52279",1
"@khagendra123450",1
"@kielinstitute",1
"@klaikong",1
"@kleswoo",1
"@km2_marie",1
"@kongmingshang",1
"@kot_rene",1
"@krackhauer",1
"@kuaileshaonian4",1
"@kyodo_english",1
"@lagazetteazfr",1
"@lcoutinho",1
"@lebelligerant",1
"@leepg",1
"@lighten70602163",1
"@lightonearth111",1
"@lihanghong1988",1
"@linxiaokang01",1
"@lionelpiguet",1
"@lishayyyy_",1
"@liyasepvst",1
"@loadedriddles",1
"@lobosnews",1
"@lonermonkeyy",1
"@lotus4ev3r",1
"@louise_watt",1
"@luqmanbinabbas",1
"@luv2alll",1
"@m19133883",1
"@makerboxall",1
"@manasjaiswal0",1
"@manintytw",1
"@mankindtogether",1
"@mariahtthornton",1
"@marilussans",1
"@marketsday",1
"@maryjay223",1
"@matrixxmedia",1
"@maximalfilter",1
"@mengting1_1",1
"@mentinfuga",1
"@mewfree",1
"@mhar4",1
"@mhleekk51",1
"@mikec4you",1
"@milktea2891",1
"@mimi69xd",1
"@moneycontrolcom",1
"@mopsandsticks",1
"@mr_ahmadsalman",1
"@mrsverypicky",1
"@mtnbvan",1
"@muh_ulya24",1
"@muhammadaakash0",1
"@munesh_193",1
"@neelamcrosscom",1
"@news18dotcom",1
"@newsin30secs",1
"@newzolokiya247",1
"@nibnavanan",1
"@nickschifrin",1
"@nofu_metal",1
"@nowinuk",1
"@nsalTarkan254",1
"@numair_razzaq",1
"@observerdiplo",1
"@octavexx",1
"@olivier_andreu",1
"@onsari79352713",1
"@oolf",1
"@ooscarr",1
"@opibooks",1
"@ovdland",1
"@paintsandsings",1
"@paoloangeloRF",1
"@parthparth2290",1
"@patriciogiusto",1
"@pavelvond",1
"@pawankaushal",1
"@pesceriso",1
"@peterkreko",1
"@pharmatropy",1
"@pippopotamus",1
"@poom40234",1
"@poordad00",1
"@prabhasakshi",1
"@prabhatTvBangla",1
"@primacial",1
"@primetvindia",1
"@provotodemocra1",1
"@publicgazette",1
"@pushpkar",1
"@pwfvtuyl",1
"@qaisarsultann",1
"@ray60110",1
"@rebelexposed",1
"@rebelryan77",1
"@retjrblue",1
"@rexsiu_",1
"@rituparnasarm10",1
"@robe7843",1
"@rosiema123",1
"@rsettles",1
"@ruffleseed",1
"@ruin_advance",1
"@ruisiang_tw",1
"@rumors73",1
"@ryanwrights",1
"@saada186",1
"@sachisingh26sep",1
"@saikirankannan",1
"@saiprem781",1
"@samirakuma84260",1
"@sanan_lashari",1
"@sarvesh521",1
"@satish81",1
"@savymj12",1
"@sawera_sajjad17",1
"@scarecrow514",1
"@seansu",1
"@sefevi_ir",1
"@seydasherazi0",1
"@shani2gujjar",1
"@shanmushy",1
"@shehxad2_",1
"@shehzadhqazi",1
"@shin_no_su_ke",1
"@shivamdubeYspn1",1
"@shorts_91",1
"@shreyas_195gd",1
"@shrutiv_vyas",1
"@siasees",1
"@silviamercadoa",1
"@simonmigliano",1
"@sirlonzi",1
"@slabster13",1
"@smaelanurdem",1
"@smanda_2023",1
"@snipmovementpak",1
"@soubrou",1
"@sreemoytalukdar",1
"@stop_4_humor",1
"@sunauckarisoglu",1
"@sundaylive_tv",1
"@suwattv1",1
"@suwehiro",1
"@swapped_gender",1
"@t_kortvelyessy",1
"@t_langel",1
"@taiwan_no_br",1
"@taiwan_portugal",1
"@taiwanappg",1
"@tbsnewsbd",1
"@techswoop",1
"@tetosurabaya",1
"@thanr",1
"@theGeoView",1
"@the_newsmen",1
"@the_viyug",1
"@thebeast_PS001",1
"@thebluetruth_",1
"@thediscomonkey",1
"@theglobal202",1
"@thehawk",1
"@theleatherdude",1
"@theliberalfrank",1
"@themacrostory",1
"@thenewsfifteen",1
"@theportinkam",1
"@thesocialtalks",1
"@thetaiwaneseguy",1
"@thinkeuropa",1
"@timbwani_",1
"@tnodelhi",1
"@tomatoai",1
"@tomyoritaka",1
"@tonychinaupdate",1
"@tribunephl",1
"@trill_creations",1
"@tsultrim_g",1
"@tubecaptain031",1
"@turdefcom",1
"@turkistantime",1
"@tv11newsnetwork",1
"@tweetforAnna",1
"@updates_asian",1
"@vajapeyam",1
"@vannuccidavide",1
"@vietnam_nowthen",1
"@vinchie_cebu",1
"@vinodsundaram",1
"@vivilin_taiwan",1
"@vsb6623",1
"@wanghui90",1
"@wasif_tweetss",1
"@well1647",1
"@weltnetzTV",1
"@wheelpies888",1
"@william_willia2",1
"@willysairajnr",1
"@wojciechce",1
"@woodly9560",1
"@wordsfromtaiwan",1
"@worldnews935",1
"@xj99k63kPVdK96w",1
"@xxxaryadi",1
"@yangxiaoqian4",1
"@yenatweet",1
"@yingyuchen9",1
"@yskevinhuang",1
"@yundingcaishan",1
"@zadakhabar",1
"@zaighamjaved6",1
"@zbynlinhart",1
"@zhubuchen01",1
"@zoobyfashion",1
